{
  "model_type": "quantum",
  "circuit_config": "adhd_2",
  "checkpoint": "checkpoints/CircuitMoE_quantum_adhd_2_49777880.pt",
  "n_clusters": 2,
  "n_adhd_subjects": 288,
  "silhouette_sweep": {
    "2": 0.8656233549118042,
    "3": 0.510054886341095,
    "4": 0.5329204201698303,
    "5": 0.5330327153205872,
    "6": 0.52211594581604
  },
  "best_k_auto": 2,
  "silhouettes": {
    "circuit": 0.8656233549118042,
    "network": 0.3128843307495117,
    "roi": 0.42505377531051636
  },
  "cross_level_ari": {
    "circuit_vs_network": -0.007470060094604851,
    "circuit_vs_roi": 0.10009460737937559,
    "network_vs_roi": 0.06253170438006381
  },
  "circuit_clusters": {
    "cluster_0": {
      "n_subjects": 280,
      "dominant_circuit": "External",
      "gate_profile": {
        "Internal": {
          "mean": 0.4955286383628845,
          "std": 0.01423276960849762
        },
        "External": {
          "mean": 0.5044713020324707,
          "std": 0.014232773333787918
        }
      }
    },
    "cluster_1": {
      "n_subjects": 8,
      "dominant_circuit": "Internal",
      "gate_profile": {
        "Internal": {
          "mean": 0.6157821416854858,
          "std": 0.033037226647138596
        },
        "External": {
          "mean": 0.3842178285121918,
          "std": 0.033037226647138596
        }
      }
    },
    "gate_anova": {
      "Internal": {
        "F_stat": 491.46829220184605,
        "p_value": 4.6218565605774896e-64
      },
      "External": {
        "F_stat": 491.4683476653485,
        "p_value": 4.6218093164264965e-64
      }
    }
  },
  "expert_clusters": {
    "cluster_0": {
      "n_subjects": 126,
      "dominant_expert": "Internal",
      "expert_norms": {
        "Internal": 2.6615793704986572,
        "External": 1.4388673305511475
      }
    },
    "cluster_1": {
      "n_subjects": 162,
      "dominant_expert": "External",
      "expert_norms": {
        "Internal": 1.384644627571106,
        "External": 1.6524680852890015
      }
    }
  },
  "roi_clusters": {
    "cluster_0": {
      "n_subjects": 228,
      "top_rois": [
        {
          "roi_idx": 128,
          "region": "STSdp",
          "network": "DefaultA",
          "score": 0.49494126439094543,
          "signed_score": -0.0003025147598236799,
          "direction": "-ADHD"
        },
        {
          "roi_idx": 100,
          "region": "OP1",
          "network": "SomMotB",
          "score": 0.4720457196235657,
          "signed_score": 0.0003650060389190912,
          "direction": "+ADHD"
        },
        {
          "roi_idx": 131,
          "region": "TE1a",
          "network": "TempPar",
          "score": 0.4715968370437622,
          "signed_score": 0.00020206258341204375,
          "direction": "+ADHD"
        },
        {
          "roi_idx": 174,
          "region": "A4",
          "network": "SomMotB",
          "score": 0.4669991433620453,
          "signed_score": -0.00038246193435043097,
          "direction": "-ADHD"
        },
        {
          "roi_idx": 157,
          "region": "V3CD",
          "network": "VisCent",
          "score": 0.4637201428413391,
          "signed_score": -0.00042942858999595046,
          "direction": "-ADHD"
        },
        {
          "roi_idx": 76,
          "region": "a47r",
          "network": "ContC",
          "score": 0.4605644643306732,
          "signed_score": -0.00018818282114807516,
          "direction": "-ADHD"
        },
        {
          "roi_idx": 18,
          "region": "V3B",
          "network": "VisCent",
          "score": 0.4594448506832123,
          "signed_score": -0.0003332134219817817,
          "direction": "-ADHD"
        },
        {
          "roi_idx": 1,
          "region": "MST",
          "network": "DorsAttnA",
          "score": 0.45858633518218994,
          "signed_score": -0.00018044996249955148,
          "direction": "-ADHD"
        },
        {
          "roi_idx": 16,
          "region": "IPS1",
          "network": "DorsAttnA",
          "score": 0.45600029826164246,
          "signed_score": -0.0002522110880818218,
          "direction": "-ADHD"
        },
        {
          "roi_idx": 115,
          "region": "PFt",
          "network": "DorsAttnB",
          "score": 0.4515949785709381,
          "signed_score": -0.00024197773018386215,
          "direction": "-ADHD"
        }
      ],
      "top_positive_rois": [
        {
          "roi_idx": 177,
          "region": "PI",
          "network": "SalVentAttnA",
          "signed_score": 0.0004905616515316069
        },
        {
          "roi_idx": 91,
          "region": "13l",
          "network": "Limbic_OFC",
          "signed_score": 0.0003811408532783389
        },
        {
          "roi_idx": 100,
          "region": "OP1",
          "network": "SomMotB",
          "signed_score": 0.0003650060389190912
        },
        {
          "roi_idx": 110,
          "region": "AVI",
          "network": "SalVentAttnB",
          "signed_score": 0.0003201881772838533
        },
        {
          "roi_idx": 165,
          "region": "pOFC",
          "network": "Limbic_OFC",
          "signed_score": 0.0002989096683450043
        }
      ],
      "top_negative_rois": [
        {
          "roi_idx": 162,
          "region": "VVC",
          "network": "VisCent",
          "signed_score": -0.0005944785661995411
        },
        {
          "roi_idx": 136,
          "region": "PHT",
          "network": "ContB",
          "signed_score": -0.0005223142798058689
        },
        {
          "roi_idx": 138,
          "region": "TPOJ1",
          "network": "DefaultA",
          "signed_score": -0.0005148078198544681
        },
        {
          "roi_idx": 137,
          "region": "PH",
          "network": "DorsAttnA",
          "signed_score": -0.0004812715924344957
        },
        {
          "roi_idx": 17,
          "region": "FFC",
          "network": "DorsAttnA",
          "signed_score": -0.00047574620111845434
        }
      ],
      "network_scores": {
        "VisCent": {
          "absolute": 0.4235583245754242,
          "signed": -0.00029096464277245104,
          "direction": "-ADHD"
        },
        "VisPeri": {
          "absolute": 0.3719111680984497,
          "signed": -5.261936894385144e-05,
          "direction": "-ADHD"
        },
        "SomMotA": {
          "absolute": 0.36963361501693726,
          "signed": -0.0002722444769460708,
          "direction": "-ADHD"
        },
        "SomMotB": {
          "absolute": 0.407022088766098,
          "signed": -7.365726924035698e-05,
          "direction": "-ADHD"
        },
        "DorsAttnA": {
          "absolute": 0.4233261048793793,
          "signed": -0.0002775241737253964,
          "direction": "-ADHD"
        },
        "DorsAttnB": {
          "absolute": 0.4019874334335327,
          "signed": -0.00016305866301991045,
          "direction": "-ADHD"
        },
        "SalVentAttnA": {
          "absolute": 0.365367591381073,
          "signed": 7.987846038304269e-05,
          "direction": "+ADHD"
        },
        "SalVentAttnB": {
          "absolute": 0.3805289566516876,
          "signed": 7.536981138400733e-05,
          "direction": "+ADHD"
        },
        "Limbic_TempPole": {
          "absolute": 0.37514570355415344,
          "signed": -9.468758798902854e-05,
          "direction": "-ADHD"
        },
        "Limbic_OFC": {
          "absolute": 0.34367793798446655,
          "signed": 0.00013413859414868057,
          "direction": "+ADHD"
        },
        "ContA": {
          "absolute": 0.3852505385875702,
          "signed": -0.0001970203302334994,
          "direction": "-ADHD"
        },
        "ContB": {
          "absolute": 0.40576767921447754,
          "signed": -0.00021883228328078985,
          "direction": "-ADHD"
        },
        "ContC": {
          "absolute": 0.40443193912506104,
          "signed": -0.00017285645299125463,