{
  "model_type": "classical",
  "circuit_config": "adhd_2",
  "checkpoint": "checkpoints/CircuitMoE_classical_adhd_2_49777878.pt",
  "n_clusters": 2,
  "n_adhd_subjects": 288,
  "silhouette_sweep": {
    "2": 0.4885008633136749,
    "3": 0.5400802493095398,
    "4": 0.5556710362434387,
    "5": 0.5197271704673767,
    "6": 0.5284607410430908
  },
  "best_k_auto": 4,
  "silhouettes": {
    "circuit": 0.4885008633136749,
    "network": 0.4295969307422638,
    "roi": 0.4222760796546936
  },
  "cross_level_ari": {
    "circuit_vs_network": -0.0021337966303590565,
    "circuit_vs_roi": -0.002102809523606231,
    "network_vs_roi": 0.014358867447587529
  },
  "circuit_clusters": {
    "cluster_0": {
      "n_subjects": 115,
      "dominant_circuit": "Internal",
      "gate_profile": {
        "Internal": {
          "mean": 0.5460935831069946,
          "std": 0.061884161084890366
        },
        "External": {
          "mean": 0.45390644669532776,
          "std": 0.06188415735960007
        }
      }
    },
    "cluster_1": {
      "n_subjects": 173,
      "dominant_circuit": "External",
      "gate_profile": {
        "Internal": {
          "mean": 0.4405532479286194,
          "std": 0.05525212734937668
        },
        "External": {
          "mean": 0.5594468712806702,
          "std": 0.05525213107466698
        }
      }
    },
    "gate_anova": {
      "Internal": {
        "F_stat": 227.21345176121315,
        "p_value": 3.4368116355859233e-38
      },
      "External": {
        "F_stat": 227.21348484712198,
        "p_value": 3.436779814664048e-38
      }
    }
  },
  "expert_clusters": {
    "cluster_0": {
      "n_subjects": 127,
      "dominant_expert": "Internal",
      "expert_norms": {
        "Internal": 5.9097900390625,
        "External": 1.783614158630371
      }
    },
    "cluster_1": {
      "n_subjects": 161,
      "dominant_expert": "Internal",
      "expert_norms": {
        "Internal": 3.7971880435943604,
        "External": 1.7482010126113892
      }
    }
  },
  "roi_clusters": {
    "cluster_0": {
      "n_subjects": 228,
      "top_rois": [
        {
          "roi_idx": 20,
          "region": "LO2",
          "network": "VisCent",
          "score": 0.7211547493934631,
          "signed_score": -0.0005097129615023732,
          "direction": "-ADHD"
        },
        {
          "roi_idx": 171,
          "region": "TGv",
          "network": "Limbic_TempPole",
          "score": 0.7149451375007629,
          "signed_score": 0.0004989627632312477,
          "direction": "+ADHD"
        },
        {
          "roi_idx": 134,
          "region": "TF",
          "network": "Limbic_TempPole",
          "score": 0.7076343894004822,
          "signed_score": -0.0005810880102217197,
          "direction": "-ADHD"
        },
        {
          "roi_idx": 160,
          "region": "31pd",
          "network": "DefaultC",
          "score": 0.6863595843315125,
          "signed_score": -0.00024281804508063942,
          "direction": "-ADHD"
        },
        {
          "roi_idx": 168,
          "region": "FOP5",
          "network": "SalVentAttnB",
          "score": 0.6686335802078247,
          "signed_score": 0.00028999894857406616,
          "direction": "+ADHD"
        },
        {
          "roi_idx": 73,
          "region": "44",
          "network": "TempPar",
          "score": 0.6678029298782349,
          "signed_score": -0.000286141294054687,
          "direction": "-ADHD"
        },
        {
          "roi_idx": 38,
          "region": "5L",
          "network": "DorsAttnB",
          "score": 0.6669238805770874,
          "signed_score": -0.00048173239338211715,
          "direction": "-ADHD"
        },
        {
          "roi_idx": 174,
          "region": "A4",
          "network": "SomMotB",
          "score": 0.6387607455253601,
          "signed_score": -0.0005231305840425193,
          "direction": "-ADHD"
        },
        {
          "roi_idx": 169,
          "region": "p10p",
          "network": "ContC",
          "score": 0.6363645792007446,
          "signed_score": 0.00022479302424471825,
          "direction": "+ADHD"
        },
        {
          "roi_idx": 135,
          "region": "TE2p",
          "network": "Limbic_TempPole",
          "score": 0.6230458617210388,
          "signed_score": -0.0005851185414940119,
          "direction": "-ADHD"
        }
      ],
      "top_positive_rois": [
        {
          "roi_idx": 177,
          "region": "PI",
          "network": "SalVentAttnA",
          "signed_score": 0.0006206252728588879
        },
        {
          "roi_idx": 171,
          "region": "TGv",
          "network": "Limbic_TempPole",
          "signed_score": 0.0004989627632312477
        },
        {
          "roi_idx": 91,
          "region": "13l",
          "network": "Limbic_OFC",
          "signed_score": 0.00044472349691204727
        },
        {
          "roi_idx": 165,
          "region": "pOFC",
          "network": "Limbic_OFC",
          "signed_score": 0.0004441240453161299
        },
        {
          "roi_idx": 110,
          "region": "AVI",
          "network": "SalVentAttnB",
          "signed_score": 0.0003772190830204636
        }
      ],
      "top_negative_rois": [
        {
          "roi_idx": 138,
          "region": "TPOJ1",
          "network": "DefaultA",
          "signed_score": -0.0006639690254814923
        },
        {
          "roi_idx": 136,
          "region": "PHT",
          "network": "ContB",
          "signed_score": -0.0006328123272396624
        },
        {
          "roi_idx": 135,
          "region": "TE2p",
          "network": "Limbic_TempPole",
          "signed_score": -0.0005851185414940119
        },
        {
          "roi_idx": 134,
          "region": "TF",
          "network": "Limbic_TempPole",
          "signed_score": -0.0005810880102217197
        },
        {
          "roi_idx": 35,
          "region": "5m",
          "network": "SomMotA",
          "signed_score": -0.0005647330544888973
        }
      ],
      "network_scores": {
        "VisCent": {
          "absolute": 0.4899353086948395,
          "signed": -0.0003289087035227567,
          "direction": "-ADHD"
        },
        "VisPeri": {
          "absolute": 0.4755327105522156,
          "signed": -7.393530540866777e-05,
          "direction": "-ADHD"
        },
        "SomMotA": {
          "absolute": 0.4366908669471741,
          "signed": -0.00031454121926799417,
          "direction": "-ADHD"
        },
        "SomMotB": {
          "absolute": 0.4878542125225067,
          "signed": -0.00010604642739053816,
          "direction": "-ADHD"
        },
        "DorsAttnA": {
          "absolute": 0.45023030042648315,
          "signed": -0.0003006935876328498,
          "direction": "-ADHD"
        },
        "DorsAttnB": {
          "absolute": 0.45337414741516113,
          "signed": -0.0001944485993590206,
          "direction": "-ADHD"
        },
        "SalVentAttnA": {
          "absolute": 0.445824533700943,
          "signed": 9.153839346254244e-05,
          "direction": "+ADHD"
        },
        "SalVentAttnB": {
          "absolute": 0.46621277928352356,
          "signed": 0.00010372859105700627,
          "direction": "+ADHD"
        },
        "Limbic_TempPole": {
          "absolute": 0.5296247005462646,
          "signed": -0.00012948659423273057,
          "direction": "-ADHD"
        },
        "Limbic_OFC": {
          "absolute": 0.4337925314903259,
          "signed": 0.00017971289344131947,
          "direction": "+ADHD"
        },
        "ContA": {
          "absolute": 0.5016652941703796,
          "signed": -0.000243770147790201,
          "direction": "-ADHD"
        },
        "ContB": {
          "absolute": 0.4441072940826416,
          "signed": -0.00025248885503970087,
          "direction": "-ADHD"
        },
        "ContC": {
          "absolute": 0.48205453157424927,