{
  "model_type": "classical",
  "circuit_config": "adhd_3",
  "checkpoint": "checkpoints/CircuitMoE_classical_adhd_3_49777876.pt",
  "n_clusters": 2,
  "n_adhd_subjects": 288,
  "silhouette_sweep": {
    "2": 0.8085997104644775,
    "3": 0.3881469666957855,
    "4": 0.39522892236709595,
    "5": 0.3969614505767822,
    "6": 0.4052013158798218
  },
  "best_k_auto": 2,
  "silhouettes": {
    "circuit": 0.8085997104644775,
    "network": 0.6646310687065125,
    "roi": 0.4290178716182709
  },
  "cross_level_ari": {
    "circuit_vs_network": 0.01086265550892702,
    "circuit_vs_roi": 0.0561718902792105,
    "network_vs_roi": 0.4032764895532957
  },
  "circuit_clusters": {
    "cluster_0": {
      "n_subjects": 280,
      "dominant_circuit": "Executive",
      "gate_profile": {
        "DMN": {
          "mean": 0.24959275126457214,
          "std": 0.0009709314908832312
        },
        "Executive": {
          "mean": 0.2516821026802063,
          "std": 0.0003471583186183125
        },
        "Salience": {
          "mean": 0.2478935271501541,
          "std": 0.0007015829323790967
        },
        "SensoriMotor": {
          "mean": 0.2508314847946167,
          "std": 0.0009587466483935714
        }
      }
    },
    "cluster_1": {
      "n_subjects": 8,
      "dominant_circuit": "DMN",
      "gate_profile": {
        "DMN": {
          "mean": 0.2544226348400116,
          "std": 0.0017846168484538794
        },
        "Executive": {
          "mean": 0.2518608570098877,
          "std": 0.0008194755064323545
        },
        "Salience": {
          "mean": 0.2498401701450348,
          "std": 0.0017844164976850152
        },
        "SensoriMotor": {
          "mean": 0.24387633800506592,
          "std": 0.0031767217442393303
        }
      }
    },
    "gate_anova": {
      "DMN": {
        "F_stat": 179.2835345922633,
        "p_value": 4.516547578722847e-32
      },
      "Executive": {
        "F_stat": 1.8151466620218932,
        "p_value": 0.1789584943747759
      },
      "Salience": {
        "F_stat": 51.62237709043184,
        "p_value": 5.859531100870539e-12
      },
      "SensoriMotor": {
        "F_stat": 318.26518988219,
        "p_value": 2.2701323708714975e-48
      }
    }
  },
  "expert_clusters": {
    "cluster_0": {
      "n_subjects": 260,
      "dominant_expert": "DMN",
      "expert_norms": {
        "DMN": 3.858116388320923,
        "Executive": 3.3864006996154785,
        "Salience": 3.593576192855835,
        "SensoriMotor": 2.419510841369629
      }
    },
    "cluster_1": {
      "n_subjects": 28,
      "dominant_expert": "DMN",
      "expert_norms": {
        "DMN": 3.5119283199310303,
        "Executive": 3.3148982524871826,
        "Salience": 3.1798160076141357,
        "SensoriMotor": 2.3720669746398926
      }
    }
  },
  "roi_clusters": {
    "cluster_0": {
      "n_subjects": 230,
      "top_rois": [
        {
          "roi_idx": 32,
          "region": "v23ab",
          "network": "DefaultC",
          "score": 0.591842532157898,
          "signed_score": -3.235839540138841e-05,
          "direction": "-ADHD"
        },
        {
          "roi_idx": 15,
          "region": "V7",
          "network": "VisCent",
          "score": 0.5658068060874939,
          "signed_score": -0.00029680124134756625,
          "direction": "-ADHD"
        },
        {
          "roi_idx": 157,
          "region": "V3CD",
          "network": "VisCent",
          "score": 0.5540300607681274,
          "signed_score": -0.0004831243131775409,
          "direction": "-ADHD"
        },
        {
          "roi_idx": 20,
          "region": "LO2",
          "network": "VisCent",
          "score": 0.5529184937477112,
          "signed_score": -0.000413186673540622,
          "direction": "-ADHD"
        },
        {
          "roi_idx": 175,
          "region": "STSva",
          "network": "TempPar",
          "score": 0.5485349893569946,
          "signed_score": -0.0003886575868818909,
          "direction": "-ADHD"
        },
        {
          "roi_idx": 176,
          "region": "TE1m",
          "network": "TempPar",
          "score": 0.5462481379508972,
          "signed_score": 5.393784704210702e-06,
          "direction": "+ADHD"
        },
        {
          "roi_idx": 65,
          "region": "47m",
          "network": "TempPar",
          "score": 0.5448659658432007,
          "signed_score": -0.00010746634507086128,
          "direction": "-ADHD"
        },
        {
          "roi_idx": 126,
          "region": "PHA3",
          "network": "DefaultB",
          "score": 0.5405335426330566,
          "signed_score": -0.0005151692894287407,
          "direction": "-ADHD"
        },
        {
          "roi_idx": 124,
          "region": "A5",
          "network": "DefaultA",
          "score": 0.5330056548118591,
          "signed_score": -0.0001805126667022705,
          "direction": "-ADHD"
        },
        {
          "roi_idx": 3,
          "region": "V2",
          "network": "VisPeri",
          "score": 0.5320760607719421,
          "signed_score": -0.000214861604035832,
          "direction": "-ADHD"
        }
      ],
      "top_positive_rois": [
        {
          "roi_idx": 92,
          "region": "OFC",
          "network": "Limbic_OFC",
          "signed_score": 0.0005861456738784909
        },
        {
          "roi_idx": 91,
          "region": "13l",
          "network": "Limbic_OFC",
          "signed_score": 0.0005632579559460282
        },
        {
          "roi_idx": 177,
          "region": "PI",
          "network": "SalVentAttnA",
          "signed_score": 0.0004899031482636929
        },
        {
          "roi_idx": 89,
          "region": "10pp",
          "network": "Limbic_OFC",
          "signed_score": 0.00042437665979377925
        },
        {
          "roi_idx": 165,
          "region": "pOFC",
          "network": "Limbic_OFC",
          "signed_score": 0.0003969483368564397
        }
      ],
      "top_negative_rois": [
        {
          "roi_idx": 162,
          "region": "VVC",
          "network": "VisCent",
          "signed_score": -0.0006702085956931114
        },
        {
          "roi_idx": 136,
          "region": "PHT",
          "network": "ContB",
          "signed_score": -0.0006624728557653725
        },
        {
          "roi_idx": 35,
          "region": "5m",
          "network": "SomMotA",
          "signed_score": -0.0006241132505238056
        },
        {
          "roi_idx": 138,
          "region": "TPOJ1",
          "network": "DefaultA",
          "signed_score": -0.0006174381705932319
        },
        {
          "roi_idx": 52,
          "region": "3a",
          "network": "SomMotA",
          "signed_score": -0.0005896225338801742
        }
      ],
      "network_scores": {
        "VisCent": {
          "absolute": 0.511726438999176,
          "signed": -0.00034390948712825775,
          "direction": "-ADHD"
        },
        "VisPeri": {
          "absolute": 0.48472607135772705,
          "signed": -7.087875565048307e-05,
          "direction": "-ADHD"
        },
        "SomMotA": {
          "absolute": 0.4665057957172394,
          "signed": -0.00035418986226432025,
          "direction": "-ADHD"
        },
        "SomMotB": {
          "absolute": 0.4732951521873474,
          "signed": -0.00010307053162250668,
          "direction": "-ADHD"
        },
        "DorsAttnA": {
          "absolute": 0.4527655243873596,
          "signed": -0.0003002610756084323,
          "direction": "-ADHD"
        },
        "DorsAttnB": {
          "absolute": 0.4318884611129761,
          "signed": -0.00017491407925263047,
          "direction": "-ADHD"
        },
        "SalVentAttnA": {
          "absolute": 0.45492592453956604,
          "signed": 9.023136954056099e-05,
          "direction": "+ADHD"
        },
        "SalVentAttnB": {
          "absolute": 0.4684302806854248,
          "signed": 9.994136053137481e-05,